{
    "products": [
        {
            "name": "Camera",
            "category": {
                "name": "Tech",
                "id":1,
                "image": "../assets/Products/tech.jpg"
                },
            "image": "",
            "price": 1000   ,
            "productId": 1
        },
        {
            "name": "glasses",
            "category": {
                "name": "Fashion",
                "id":2,
                "image": "../assets/Products/fashion.jpg"
            },
            "image": "",
            "price": 500  ,
            "productId": 2
        },
        {
            "name": "shirt",
            "category": {
                "name": "Apparels",
                "id":3,
                "image": "../assets/Products/apparels.jpg"
        },
            "image": "",
            "price": 50  ,
            "productId": 3
        },
        {
            "name": "book",
            "category": {
            "name": "Reading",
            "id":4,
            "image": "../assets/Products/reading.jpg"
        },
            "image": "",
            "price": 30,
        "productId": 4
        }
    ]
}